[
  {
    "id": "6281385317794@s.whatsapp.net",
    "balance": 999995934
  },
  {
    "id": "62881012071990@s.whatsapp.net",
    "balance": 4053
  },
  {
    "id": "628816371256@s.whatsapp.net",
    "balance": 695
  },
  {
    "id": "6288980882983@s.whatsapp.net",
    "balance": 225
  },
  {
    "id": "6282224185572@s.whatsapp.net",
    "balance": 800
  },
  {
    "id": "6281391506723@s.whatsapp.net",
    "balance": 3756
  },
  {
    "id": "6281271194129@s.whatsapp.net",
    "balance": 181
  },
  {
    "id": "62895351495615@s.whatsapp.net",
    "balance": 66
  },
  {
    "id": "6285810084519@s.whatsapp.net",
    "balance": 0
  },
  {
    "id": "6283876824342@s.whatsapp.net",
    "balance": 48
  },
  {
    "id": "6288298033139@s.whatsapp.net",
    "balance": 1
  },
  {
    "id": "6282280954799@s.whatsapp.net",
    "balance": 404
  },
  {
    "id": "6282177863026@s.whatsapp.net",
    "balance": 358
  },
  {
    "id": "6289505671483@s.whatsapp.net",
    "balance": 105
  },
  {
    "id": "6285757239258@s.whatsapp.net",
    "balance": 10
  },
  {
    "id": "6283183713987@s.whatsapp.net",
    "balance": 5
  },
  {
    "id": "6285274628453@s.whatsapp.net",
    "balance": 15
  }
]