[
  {
    "id": "6285810084519@s.whatsapp.net",
    "limit": -1
  },
  {
    "id": "6285172200670@s.whatsapp.net",
    "limit": 1
  },
  {
    "id": "62895337045700@s.whatsapp.net",
    "limit": 2
  },
  {
    "id": "6288224986295@s.whatsapp.net",
    "limit": 1
  },
  {
    "id": "62895351495615@s.whatsapp.net",
    "limit": 14
  },
  {
    "id": "6282280954799@s.whatsapp.net",
    "limit": 8
  },
  {
    "id": "62881012071990@s.whatsapp.net",
    "limit": -3
  },
  {
    "id": "212656653016@s.whatsapp.net",
    "limit": 1
  },
  {
    "id": "601123695129@s.whatsapp.net",
    "limit": 0
  },
  {
    "id": "6285175023755@s.whatsapp.net",
    "limit": 1
  },
  {
    "id": "6283169480682@s.whatsapp.net",
    "limit": 3
  },
  {
    "id": "6281578234794@s.whatsapp.net",
    "limit": 8
  },
  {
    "id": "6288980882983@s.whatsapp.net",
    "limit": 15
  },
  {
    "id": "6289654057716@s.whatsapp.net",
    "limit": 1
  },
  {
    "id": "6282177863026@s.whatsapp.net",
    "limit": -2
  },
  {
    "id": "6283876824342@s.whatsapp.net",
    "limit": 0
  },
  {
    "id": "62895405048912@s.whatsapp.net",
    "limit": 8
  },
  {
    "id": "6289505671483@s.whatsapp.net",
    "limit": -21
  },
  {
    "id": "6281244102956@s.whatsapp.net",
    "limit": 0
  },
  {
    "id": "6282224185572@s.whatsapp.net",
    "limit": 4
  },
  {
    "id": "6281391506723@s.whatsapp.net",
    "limit": 7
  },
  {
    "id": "6285846541731@s.whatsapp.net",
    "limit": 3
  },
  {
    "id": "6282251322380@s.whatsapp.net",
    "limit": 0
  },
  {
    "id": "6283169566533@s.whatsapp.net",
    "limit": 2
  },
  {
    "id": "6287738722195@s.whatsapp.net",
    "limit": 6
  },
  {
    "id": "60149260850@s.whatsapp.net",
    "limit": 12
  },
  {
    "id": "6283163784116@s.whatsapp.net",
    "limit": 1
  },
  {
    "id": "6283183713987@s.whatsapp.net",
    "limit": 5
  },
  {
    "id": "6287841470310@s.whatsapp.net",
    "limit": 2
  },
  {
    "id": "6285974848621@s.whatsapp.net",
    "limit": 2
  },
  {
    "id": "6283193442110@s.whatsapp.net",
    "limit": 0
  },
  {
    "id": "6285757338680@s.whatsapp.net",
    "limit": 0
  },
  {
    "id": "6282217590187@s.whatsapp.net",
    "limit": 3
  },
  {
    "id": "6283193905842@s.whatsapp.net",
    "limit": 2
  },
  {
    "id": "6285179761641@s.whatsapp.net",
    "limit": 1
  },
  {
    "id": "6289528157038@s.whatsapp.net",
    "limit": 1
  },
  {
    "id": "628816371256@s.whatsapp.net",
    "limit": 0
  },
  {
    "id": "6285788564370@s.whatsapp.net",
    "limit": 1
  },
  {
    "id": "6285757239258@s.whatsapp.net",
    "limit": 2
  },
  {
    "id": "6285179937370@s.whatsapp.net",
    "limit": 1
  },
  {
    "id": "6285717062467@s.whatsapp.net",
    "limit": 1
  },
  {
    "id": "6285274628453@s.whatsapp.net",
    "limit": 3
  },
  {
    "id": "6281575102376@s.whatsapp.net",
    "limit": 0
  },
  {
    "id": "628813176804@s.whatsapp.net",
    "limit": 1
  },
  {
    "id": "6285967219693@s.whatsapp.net",
    "limit": 3
  }
]